rank,system_name,site_name,organization,country,manufacturer,installation_year,processor_family,processor_model,accelerator_family,accelerator_model,cores,rmax_tflops,rpeak_tflops,power_kw,efficiency_percent,operating_system,interconnect,segment,list_year,list_month
1,El Capitan,DOE/NNSA/LLNL,DOE/NNSA/LLNL,United States,HPE,2024,AMD EPYC,AMD 4th Gen EPYC 24C 1.8GHz,AMD,AMD Instinct MI300A,11340000,1742000,2746380,29581,63.42895011,TOSS,Slingshot-11,Industry,2025,June
2,Frontier,DOE/SC/Oak Ridge National Laboratory,Oak Ridge National Laboratory (ORNL),United States,HPE,2021,AMD EPYC,AMD Optimized 3rd Generation EPYC 64C 2GHz,AMD,AMD Instinct MI250X,9066176,1353000,2055720,24607,65.81635631,HPE Cray OS,Slingshot-11,Government,2025,June
3,Aurora,DOE/SC/Argonne National Laboratory,Argonne National Laboratory (ANL),United States,Intel,2023,Intel Xeon,Xeon CPU Max 9470 52C 2.4GHz,Intel,Intel E,9264128,1012000,1980010,38698,51.11085298,SUSE Linux Enterprise Server 15 SP4,Slingshot-11,Government,2025,June
4,JUPITER Booster,EuroHPC/FZJ,EuroHPC/FZJ,Germany,EVIDEN,2025,GH,GH Superchip 72C 3GHz,NVIDIA,NVIDIA GH200,4801344,793400,930000,13088,85.31182796,Red Hat Enterprise Linux,Quad-Rail NVIDIA InfiniBand NDR200,Industry,2025,June
5,Eagle,Microsoft Azure,Microsoft Azure,United States,Microsoft Azure,2023,Intel Xeon,Xeon Platinum 8480C 48C 2GHz,NVIDIA,NVIDIA H100,2073600,561200,846840,9836.022492,66.2698975,Ubuntu 22.04,NVIDIA Infiniband NDR,Industry,2025,June
6,HPC6,Eni S.p.A.,Eni S.p.A.,Italy,HPE,2024,AMD EPYC,AMD Optimized 3rd Generation EPYC 64C 2GHz,AMD,AMD Instinct MI250X,3143520,477900,606970,8461,78.7353576,RHEL 8.9,Slingshot-11,Industry,2025,June
7,Supercomputer Fugaku,RIKEN Center for Computational Science,RIKEN Center for Computational Science,Japan,Fujitsu,2020,Fujitsu A64FX,A64FX 48C 2.2GHz,Unknown,Unknown,7630848,442010,537210,29899,82.27881089,Red Hat Enterprise Linux,D | TOP500,Industry,2025,June
8,Alps,Swiss National Supercomputing Centre (CSCS),CSC - IT Center for Science,Switzerland,HPE,2024,NVIDIA,NVIDIA Grace 72C 3.1GHz,NVIDIA,NVIDIA G,2121600,434900,574840,7124,75.65583467,HPE Cray OS,Slingshot-11,Industry,2025,June
9,LUMI,EuroHPC/CSC,CSC - IT Center for Science,Finland,HPE,2023,AMD EPYC,AMD Optimized 3rd Generation EPYC 64C 2GHz,AMD,AMD Instinct MI250X,2752704,379700,531510,7107,71.43797859,HPE Cray OS,Slingshot-11,Industry,2025,June
10,Leonardo,EuroHPC/CINECA,EuroHPC/CINECA,Italy,EVIDEN,2023,Intel Xeon,Xeon Platinum 8358 32C 2.6GHz,NVIDIA,NVIDIA A100,1824768,241200,306310,7494,78.74375633,Linux,Quad-rail NVIDIA HDR100 Infiniband,Industry,2025,June
1,El Capitan,DOE/NNSA/LLNL,DOE/NNSA/LLNL,United States,HPE,2024,AMD EPYC,AMD 4th Gen EPYC 24C 1.8GHz,AMD,AMD Instinct MI300A,11340000,1809000,2821100,29685,64.12392329,TOSS,Slingshot-11,Industry,2025,November
2,Frontier,DOE/SC/Oak Ridge National Laboratory,Oak Ridge National Laboratory (ORNL),United States,HPE,2021,AMD EPYC,AMD Optimized 3rd Generation EPYC 64C 2GHz,AMD,AMD Instinct MI250X,9066176,1353000,2055720,24607,65.81635631,HPE Cray OS,Slingshot-11,Government,2025,November
3,Aurora,DOE/SC/Argonne National Laboratory,Argonne National Laboratory (ANL),United States,Intel,2023,Intel Xeon,Xeon CPU Max 9470 52C 2.4GHz,Intel,Intel E,9264128,1012000,1980010,38698,51.11085298,SUSE Linux Enterprise Server 15 SP4,Slingshot-11,Government,2025,November
4,JUPITER Booster,EuroHPC/FZJ,EuroHPC/FZJ,Germany,EVIDEN,2025,GH,GH Superchip 72C 3GHz,NVIDIA,NVIDIA GH200,4801344,1000000,1226280,15794,81.5474443,Red Hat Enterprise Linux,Quad-Rail NVIDIA InfiniBand NDR200,Industry,2025,November
5,Eagle,Microsoft Azure,Microsoft Azure,United States,Microsoft Azure,2023,Intel Xeon,Xeon Platinum 8480C 48C 2GHz,NVIDIA,NVIDIA H100,2073600,561200,846840,9836.022492,66.2698975,Ubuntu 22.04,NVIDIA Infiniband NDR,Industry,2025,November
6,HPC6,Eni S.p.A.,Eni S.p.A.,Italy,HPE,2024,AMD EPYC,AMD Optimized 3rd Generation EPYC 64C 2GHz,AMD,AMD Instinct MI250X,3143520,477900,606970,8461,78.7353576,RHEL 8.9,Slingshot-11,Industry,2025,November
7,Supercomputer Fugaku,RIKEN Center for Computational Science,RIKEN Center for Computational Science,Japan,Fujitsu,2020,Fujitsu A64FX,A64FX 48C 2.2GHz,Unknown,Unknown,7630848,442010,537210,29899,82.27881089,Red Hat Enterprise Linux,D | TOP500,Industry,2025,November
8,Alps,Swiss National Supercomputing Centre (CSCS),CSC - IT Center for Science,Switzerland,HPE,2024,NVIDIA,NVIDIA Grace 72C 3.1GHz,NVIDIA,NVIDIA G,2121600,434900,574840,7124,75.65583467,HPE Cray OS,Slingshot-11,Industry,2025,November
9,LUMI,EuroHPC/CSC,CSC - IT Center for Science,Finland,HPE,2023,AMD EPYC,AMD Optimized 3rd Generation EPYC 64C 2GHz,AMD,AMD Instinct MI250X,2752704,379700,531510,7107,71.43797859,HPE Cray OS,Slingshot-11,Industry,2025,November
10,Leonardo,EuroHPC/CINECA,EuroHPC/CINECA,Italy,EVIDEN,2023,Intel Xeon,Xeon Platinum 8358 32C 2.6GHz,NVIDIA,NVIDIA A100,1824768,241200,306310,7494,78.74375633,Linux,Quad-rail NVIDIA HDR100 Infiniband,Industry,2025,November
1,Frontier,DOE/SC/Oak Ridge National Laboratory,Oak Ridge National Laboratory (ORNL),United States,HPE,2021,AMD EPYC,AMD Optimized 3rd Generation EPYC 64C 2GHz,AMD,AMD Instinct MI250X,9066176,1206000,1714810,22786,70.3284912,HPE Cray OS,Slingshot-11,Government,2024,June
2,Aurora,DOE/SC/Argonne National Laboratory,Argonne National Laboratory (ANL),United States,Intel,2023,Intel Xeon,Xeon CPU Max 9470 52C 2.4GHz,Intel,Intel E,9264128,1012000,1980010,38698,51.11085298,SUSE Linux Enterprise Server 15 SP4,Slingshot-11,Government,2024,June
3,Eagle,Microsoft Azure,Microsoft Azure,United States,Microsoft Azure,2023,Intel Xeon,Xeon Platinum 8480C 48C 2GHz,NVIDIA,NVIDIA H100,2073600,561200,846840,9836.022492,66.2698975,Ubuntu 22.04,NVIDIA Infiniband NDR,Industry,2024,June
4,Supercomputer Fugaku,RIKEN Center for Computational Science,RIKEN Center for Computational Science,Japan,Fujitsu,2020,Fujitsu A64FX,A64FX 48C 2.2GHz,Unknown,Unknown,7630848,442010,537210,29899,82.27881089,Red Hat Enterprise Linux,D | TOP500,Industry,2024,June
5,LUMI,EuroHPC/CSC,CSC - IT Center for Science,Finland,HPE,2023,AMD EPYC,AMD Optimized 3rd Generation EPYC 64C 2GHz,AMD,AMD Instinct MI250X,2752704,379700,531510,7107,71.43797859,HPE Cray OS,Slingshot-11,Industry,2024,June
6,Alps,Swiss National Supercomputing Centre (CSCS),CSC - IT Center for Science,Switzerland,HPE,2024,NVIDIA,NVIDIA Grace 72C 3.1GHz,NVIDIA,NVIDIA G,2121600,270000,353750,5194,76.32508834,HPE Cray OS,Slingshot-11,Industry,2024,June
7,Leonardo,EuroHPC/CINECA,EuroHPC/CINECA,Italy,EVIDEN,2023,Intel Xeon,Xeon Platinum 8358 32C 2.6GHz,NVIDIA,NVIDIA A100,1824768,241200,306310,7494,78.74375633,Linux,Quad-rail NVIDIA HDR100 Infiniband,Industry,2024,June
8,MareNostrum 5 ACC,EuroHPC/BSC,EuroHPC/BSC,Spain,EVIDEN,2023,Intel Xeon,Xeon Platinum 8460Y+ 32C 2.3GHz,NVIDIA,NVIDIA H100,663040,175300,249440,4159,70.27742142,RedHat 9.1,Infiniband NDR,Industry,2024,June
9,Summit,DOE/SC/Oak Ridge National Laboratory,Oak Ridge National Laboratory (ORNL),United States,IBM,2018,IBM POWER9,IBM POWER9 22C 3.07GHz,NVIDIA,NVIDIA V,2414592,148600,200790,10096,74.0076697,RHEL 7.4,Dual-rail Mellanox EDR Infiniband,Government,2024,June
10,Eos NVIDIA DGX SuperPOD,NVIDIA Corporation,NVIDIA Corporation,United States,Nvidia,2023,Intel Xeon,Xeon Platinum 8480C 56C 3.8GHz,NVIDIA,NVIDIA DGX,485888,121400,188650,9825.272232,64.35197456,Ubuntu 22.04.3 LTS,Infiniband NDR400,Industry,2024,June
1,El Capitan,DOE/NNSA/LLNL,DOE/NNSA/LLNL,United States,HPE,2024,AMD EPYC,AMD 4th Gen EPYC 24C 1.8GHz,AMD,AMD Instinct MI300A,11340000,1742000,2746380,29581,63.42895011,TOSS,Slingshot-11,Industry,2024,November
2,Frontier,DOE/SC/Oak Ridge National Laboratory,Oak Ridge National Laboratory (ORNL),United States,HPE,2021,AMD EPYC,AMD Optimized 3rd Generation EPYC 64C 2GHz,AMD,AMD Instinct MI250X,9066176,1353000,2055720,24607,65.81635631,HPE Cray OS,Slingshot-11,Government,2024,November
3,Aurora,DOE/SC/Argonne National Laboratory,Argonne National Laboratory (ANL),United States,Intel,2023,Intel Xeon,Xeon CPU Max 9470 52C 2.4GHz,Intel,Intel E,9264128,1012000,1980010,38698,51.11085298,SUSE Linux Enterprise Server 15 SP4,Slingshot-11,Government,2024,November
4,Eagle,Microsoft Azure,Microsoft Azure,United States,Microsoft Azure,2023,Intel Xeon,Xeon Platinum 8480C 48C 2GHz,NVIDIA,NVIDIA H100,2073600,561200,846840,9836.022492,66.2698975,Ubuntu 22.04,NVIDIA Infiniband NDR,Industry,2024,November
5,HPC6,Eni S.p.A.,Eni S.p.A.,Italy,HPE,2024,AMD EPYC,AMD Optimized 3rd Generation EPYC 64C 2GHz,AMD,AMD Instinct MI250X,3143520,477900,606970,8461,78.7353576,RHEL 8.9,Slingshot-11,Industry,2024,November
6,Supercomputer Fugaku,RIKEN Center for Computational Science,RIKEN Center for Computational Science,Japan,Fujitsu,2020,Fujitsu A64FX,A64FX 48C 2.2GHz,Unknown,Unknown,7630848,442010,537210,29899,82.27881089,Red Hat Enterprise Linux,D | TOP500,Industry,2024,November
7,Alps,Swiss National Supercomputing Centre (CSCS),CSC - IT Center for Science,Switzerland,HPE,2024,NVIDIA,NVIDIA Grace 72C 3.1GHz,NVIDIA,NVIDIA G,2121600,434900,574840,7124,75.65583467,HPE Cray OS,Slingshot-11,Industry,2024,November
8,LUMI,EuroHPC/CSC,CSC - IT Center for Science,Finland,HPE,2023,AMD EPYC,AMD Optimized 3rd Generation EPYC 64C 2GHz,AMD,AMD Instinct MI250X,2752704,379700,531510,7107,71.43797859,HPE Cray OS,Slingshot-11,Industry,2024,November
9,Leonardo,EuroHPC/CINECA,EuroHPC/CINECA,Italy,EVIDEN,2023,Intel Xeon,Xeon Platinum 8358 32C 2.6GHz,NVIDIA,NVIDIA A100,1824768,241200,306310,7494,78.74375633,Linux,Quad-rail NVIDIA HDR100 Infiniband,Industry,2024,November
10,Tuolumne,DOE/NNSA/LLNL,DOE/NNSA/LLNL,United States,HPE,2024,AMD EPYC,AMD 4th Gen EPYC 24C 1.8GHz,AMD,AMD Instinct MI300A,1161216,208100,288880,3387,72.0368319,TOSS,Slingshot-11,Industry,2024,November
1,Frontier,DOE/SC/Oak Ridge National Laboratory,Oak Ridge National Laboratory (ORNL),United States,Unknown,2021,AMD EPYC,AMD Optimized 3rd Generation EPYC 64C 2GHz,AMD,AMD Instinct MI250X,9066176,1194000,1679820,22703,71.07904418,HPE Cray OS,Slingshot-11,Government,2023,June
2,Supercomputer Fugaku,RIKEN Center for Computational Science,RIKEN Center for Computational Science,Japan,Fujitsu,2020,Fujitsu A64FX,A64FX 48C 2.2GHz,Unknown,Unknown,7630848,442010,537210,29899,82.27881089,Red Hat Enterprise Linux,D | TOP500,Industry,2023,June
3,LUMI,EuroHPC/CSC,CSC - IT Center for Science,Finland,HPE,2023,AMD EPYC,AMD Optimized 3rd Generation EPYC 64C 2GHz,AMD,AMD Instinct MI250X,2752704,309100,428700,6016,72.10170282,HPE Cray OS,Slingshot-11,Industry,2023,June
4,Leonardo,EuroHPC/CINECA,EuroHPC/CINECA,Italy,EVIDEN,2023,Intel Xeon,Xeon Platinum 8358 32C 2.6GHz,NVIDIA,NVIDIA A100,1824768,238700,304470,7404,78.39852859,Linux,Quad-rail NVIDIA HDR100 Infiniband,Industry,2023,June
5,Summit,DOE/SC/Oak Ridge National Laboratory,Oak Ridge National Laboratory (ORNL),United States,IBM,2018,IBM POWER9,IBM POWER9 22C 3.07GHz,NVIDIA,NVIDIA V,2414592,148600,200790,10096,74.0076697,RHEL 7.4,Dual-rail Mellanox EDR Infiniband,Government,2023,June
6,Sierra,DOE/NNSA/LLNL,DOE/NNSA/LLNL,United States,IBM / NVIDIA / Mellanox,2018,IBM POWER9,IBM POWER9 22C 3.1GHz,NVIDIA,NVIDIA V,1572480,94640,125710,7438,75.28438469,Red Hat Enterprise Linux,Dual-rail Mellanox EDR Infiniband,Industry,2023,June
7,Sunway TaihuLight,National Supercomputing Center in Wuxi,National Supercomputing Center in Wuxi,China,NRCPC,2016,Sunway,Sunway SW26010 260C 1.45GHz,Unknown,Unknown,10649600,93010,125440,15371,74.14700255,Sunway RaiseOS 2.0.5,Sunway,Government,2023,June
8,Perlmutter,DOE/SC/LBNL/NERSC,DOE/SC/LBNL/NERSC,United States,HPE,2021,AMD EPYC,AMD EPYC 7763 64C 2.45GHz,AMD,NVIDIA A100,888832,70870,93750,2589,75.59466667,HPE Cray OS,Slingshot-11,Industry,2023,June
9,Selene,NVIDIA Corporation,NVIDIA Corporation,United States,Nvidia,2020,AMD EPYC,AMD EPYC 7742 64C 2.25GHz,NVIDIA,NVIDIA DGX,555520,63460,79220,2646,80.10603383,Ubuntu 20.04.1 LTS,Mellanox HDR Infiniband,Industry,2023,June
10,Tianhe-2A,National Super Computer Center in Guangzhou,National Super Computer Center in Guangzhou,China,NUDT,2018,Intel Xeon,Intel Xeon E5-2692v2 12C 2.2GHz,Intel,Intel X,4981760,61440,100680,18482,61.0250298,Kylin Linux,TH Express-2,Government,2023,June
1,Frontier,DOE/SC/Oak Ridge National Laboratory,Oak Ridge National Laboratory (ORNL),United States,Unknown,2021,AMD EPYC,AMD Optimized 3rd Generation EPYC 64C 2GHz,AMD,AMD Instinct MI250X,9066176,1194000,1679820,22703,71.07904418,HPE Cray OS,Slingshot-11,Government,2023,November
2,Aurora,DOE/SC/Argonne National Laboratory,Argonne National Laboratory (ANL),United States,Intel,2023,Intel Xeon,Xeon CPU Max 9470 52C 2.4GHz,Intel,Intel E,9264128,585340,1059330,24687,55.25568048,SUSE Linux Enterprise Server 15 SP4,Slingshot-11,Government,2023,November
3,Eagle,Microsoft Azure,Microsoft Azure,United States,Microsoft Azure,2023,Intel Xeon,Xeon Platinum 8480C 48C 2GHz,NVIDIA,NVIDIA H100,2073600,561200,846840,9836.022492,66.2698975,Ubuntu 22.04,NVIDIA Infiniband NDR,Industry,2023,November
4,Supercomputer Fugaku,RIKEN Center for Computational Science,RIKEN Center for Computational Science,Japan,Fujitsu,2020,Fujitsu A64FX,A64FX 48C 2.2GHz,Unknown,Unknown,7630848,442010,537210,29899,82.27881089,Red Hat Enterprise Linux,D | TOP500,Industry,2023,November
5,LUMI,EuroHPC/CSC,CSC - IT Center for Science,Finland,HPE,2023,AMD EPYC,AMD Optimized 3rd Generation EPYC 64C 2GHz,AMD,AMD Instinct MI250X,2752704,379700,531510,7107,71.43797859,HPE Cray OS,Slingshot-11,Industry,2023,November
6,Leonardo,EuroHPC/CINECA,EuroHPC/CINECA,Italy,EVIDEN,2023,Intel Xeon,Xeon Platinum 8358 32C 2.6GHz,NVIDIA,NVIDIA A100,1824768,238700,304470,7404,78.39852859,Linux,Quad-rail NVIDIA HDR100 Infiniband,Industry,2023,November
7,Summit,DOE/SC/Oak Ridge National Laboratory,Oak Ridge National Laboratory (ORNL),United States,IBM,2018,IBM POWER9,IBM POWER9 22C 3.07GHz,NVIDIA,NVIDIA V,2414592,148600,200790,10096,74.0076697,RHEL 7.4,Dual-rail Mellanox EDR Infiniband,Government,2023,November
8,MareNostrum 5 ACC,EuroHPC/BSC,EuroHPC/BSC,Spain,EVIDEN,2023,Intel Xeon,Xeon Platinum 8460Y+ 32C 2.3GHz,NVIDIA,NVIDIA H100,663040,138200,265570,2560,52.03901043,RedHat 9.1,Infiniband NDR,Industry,2023,November
9,Eos NVIDIA DGX SuperPOD,NVIDIA Corporation,NVIDIA Corporation,United States,Nvidia,2023,Intel Xeon,Xeon Platinum 8480C 56C 3.8GHz,NVIDIA,NVIDIA DGX,485888,121400,188650,9825.272232,64.35197456,Ubuntu 22.04.3 LTS,Infiniband NDR400,Industry,2023,November
10,Sierra,DOE/NNSA/LLNL,DOE/NNSA/LLNL,United States,IBM / NVIDIA / Mellanox,2018,IBM POWER9,IBM POWER9 22C 3.1GHz,NVIDIA,NVIDIA V,1572480,94640,125710,7438,75.28438469,Red Hat Enterprise Linux,Dual-rail Mellanox EDR Infiniband,Industry,2023,November
1,Frontier,DOE/SC/Oak Ridge National Laboratory,Oak Ridge National Laboratory (ORNL),United States,Unknown,2021,AMD EPYC,AMD Optimized 3rd Generation EPYC 64C 2GHz,AMD,AMD Instinct MI250X,9066176,1102000,1685650,21100,65.37537448,HPE Cray OS,Slingshot-11,Government,2022,June
2,Supercomputer Fugaku,RIKEN Center for Computational Science,RIKEN Center for Computational Science,Japan,Fujitsu,2020,Fujitsu A64FX,A64FX 48C 2.2GHz,Unknown,Unknown,7630848,442010,537210,29899,82.27881089,Red Hat Enterprise Linux,D | TOP500,Industry,2022,June
3,LUMI,EuroHPC/CSC,CSC - IT Center for Science,Finland,HPE,2023,AMD EPYC,AMD Optimized 3rd Generation EPYC 64C 2GHz,AMD,AMD Instinct MI250X,2752704,151900,214350,2942,70.86540704,HPE Cray OS,Slingshot-11,Industry,2022,June
4,Summit,DOE/SC/Oak Ridge National Laboratory,Oak Ridge National Laboratory (ORNL),United States,IBM,2018,IBM POWER9,IBM POWER9 22C 3.07GHz,NVIDIA,NVIDIA V,2414592,148600,200790,10096,74.0076697,RHEL 7.4,Dual-rail Mellanox EDR Infiniband,Government,2022,June
5,Sierra,DOE/NNSA/LLNL,DOE/NNSA/LLNL,United States,IBM / NVIDIA / Mellanox,2018,IBM POWER9,IBM POWER9 22C 3.1GHz,NVIDIA,NVIDIA V,1572480,94640,125710,7438,75.28438469,Red Hat Enterprise Linux,Dual-rail Mellanox EDR Infiniband,Industry,2022,June
6,Sunway TaihuLight,National Supercomputing Center in Wuxi,National Supercomputing Center in Wuxi,China,NRCPC,2016,Sunway,Sunway SW26010 260C 1.45GHz,Unknown,Unknown,10649600,93010,125440,15371,74.14700255,Sunway RaiseOS 2.0.5,Sunway,Government,2022,June
7,Perlmutter,DOE/SC/LBNL/NERSC,DOE/SC/LBNL/NERSC,United States,HPE,2021,AMD EPYC,AMD EPYC 7763 64C 2.45GHz,AMD,NVIDIA A100,888832,70870,93750,2589,75.59466667,HPE Cray OS,Slingshot-11,Industry,2022,June
8,Selene,NVIDIA Corporation,NVIDIA Corporation,United States,Nvidia,2020,AMD EPYC,AMD EPYC 7742 64C 2.25GHz,NVIDIA,NVIDIA DGX,555520,63460,79220,2646,80.10603383,Ubuntu 20.04.1 LTS,Mellanox HDR Infiniband,Industry,2022,June
9,Tianhe-2A,National Super Computer Center in Guangzhou,National Super Computer Center in Guangzhou,China,NUDT,2018,Intel Xeon,Intel Xeon E5-2692v2 12C 2.2GHz,Intel,Intel X,4981760,61440,100680,18482,61.0250298,Kylin Linux,TH Express-2,Government,2022,June
10,Adastra,Grand Equipement National de Calcul Intensif - Centre Informatique National de l'Enseignement Suprieur (GENCI-CINES),Grand Equipement National de Calcul Intensif - Centre Informatique National de l'Enseignement Suprieur (GENCI-CINES),France,HPE,2022,AMD EPYC,AMD Optimized 3rd Generation EPYC 64C 2GHz,AMD,AMD Instinct MI250X,319072,46100,61610,921,74.82551534,HPE Cray OS,Slingshot-11,Government,2022,June
1,Frontier,DOE/SC/Oak Ridge National Laboratory,Oak Ridge National Laboratory (ORNL),United States,Unknown,2021,AMD EPYC,AMD Optimized 3rd Generation EPYC 64C 2GHz,AMD,AMD Instinct MI250X,9066176,1102000,1685650,21100,65.37537448,HPE Cray OS,Slingshot-11,Government,2022,November
2,Supercomputer Fugaku,RIKEN Center for Computational Science,RIKEN Center for Computational Science,Japan,Fujitsu,2020,Fujitsu A64FX,A64FX 48C 2.2GHz,Unknown,Unknown,7630848,442010,537210,29899,82.27881089,Red Hat Enterprise Linux,D | TOP500,Industry,2022,November
3,LUMI,EuroHPC/CSC,CSC - IT Center for Science,Finland,HPE,2023,AMD EPYC,AMD Optimized 3rd Generation EPYC 64C 2GHz,AMD,AMD Instinct MI250X,2752704,309100,428700,6016,72.10170282,HPE Cray OS,Slingshot-11,Industry,2022,November
4,Leonardo,EuroHPC/CINECA,EuroHPC/CINECA,Italy,EVIDEN,2023,Intel Xeon,Xeon Platinum 8358 32C 2.6GHz,NVIDIA,NVIDIA A100,1824768,174700,255750,5610,68.30889541,Linux,Quad-rail NVIDIA HDR100 Infiniband,Industry,2022,November
5,Summit,DOE/SC/Oak Ridge National Laboratory,Oak Ridge National Laboratory (ORNL),United States,IBM,2018,IBM POWER9,IBM POWER9 22C 3.07GHz,NVIDIA,NVIDIA V,2414592,148600,200790,10096,74.0076697,RHEL 7.4,Dual-rail Mellanox EDR Infiniband,Government,2022,November
6,Sierra,DOE/NNSA/LLNL,DOE/NNSA/LLNL,United States,IBM / NVIDIA / Mellanox,2018,IBM POWER9,IBM POWER9 22C 3.1GHz,NVIDIA,NVIDIA V,1572480,94640,125710,7438,75.28438469,Red Hat Enterprise Linux,Dual-rail Mellanox EDR Infiniband,Industry,2022,November
7,Sunway TaihuLight,National Supercomputing Center in Wuxi,National Supercomputing Center in Wuxi,China,NRCPC,2016,Sunway,Sunway SW26010 260C 1.45GHz,Unknown,Unknown,10649600,93010,125440,15371,74.14700255,Sunway RaiseOS 2.0.5,Sunway,Government,2022,November
8,Perlmutter,DOE/SC/LBNL/NERSC,DOE/SC/LBNL/NERSC,United States,HPE,2021,AMD EPYC,AMD EPYC 7763 64C 2.45GHz,AMD,NVIDIA A100,888832,70870,93750,2589,75.59466667,HPE Cray OS,Slingshot-11,Industry,2022,November
9,Selene,NVIDIA Corporation,NVIDIA Corporation,United States,Nvidia,2020,AMD EPYC,AMD EPYC 7742 64C 2.25GHz,NVIDIA,NVIDIA DGX,555520,63460,79220,2646,80.10603383,Ubuntu 20.04.1 LTS,Mellanox HDR Infiniband,Industry,2022,November
10,Tianhe-2A,National Super Computer Center in Guangzhou,National Super Computer Center in Guangzhou,China,NUDT,2018,Intel Xeon,Intel Xeon E5-2692v2 12C 2.2GHz,Intel,Intel X,4981760,61440,100680,18482,61.0250298,Kylin Linux,TH Express-2,Government,2022,November
1,Supercomputer Fugaku,RIKEN Center for Computational Science,RIKEN Center for Computational Science,Japan,Unknown,2020,Fujitsu A64FX,A64FX 48C 2.2GHz,Unknown,Unknown,7630848,442010,537210,29899,82.27881089,Red Hat Enterprise Linux,D | TOP500,Industry,2021,June
2,Summit,DOE/SC/Oak Ridge National Laboratory,Oak Ridge National Laboratory (ORNL),United States,IBM,2018,IBM POWER9,IBM POWER9 22C 3.07GHz,NVIDIA,NVIDIA V,2414592,148600,200790,10096,74.0076697,RHEL 7.4,Dual-rail Mellanox EDR Infiniband,Government,2021,June
3,Sierra,DOE/NNSA/LLNL,DOE/NNSA/LLNL,United States,IBM / NVIDIA / Mellanox,2018,IBM POWER9,IBM POWER9 22C 3.1GHz,NVIDIA,NVIDIA V,1572480,94640,125710,7438,75.28438469,Red Hat Enterprise Linux,Dual-rail Mellanox EDR Infiniband,Industry,2021,June
4,Sunway TaihuLight,National Supercomputing Center in Wuxi,National Supercomputing Center in Wuxi,China,NRCPC,2016,Sunway,Sunway SW26010 260C 1.45GHz,Unknown,Unknown,10649600,93010,125440,15371,74.14700255,Sunway RaiseOS 2.0.5,Sunway,Government,2021,June
5,Perlmutter,DOE/SC/LBNL/NERSC,DOE/SC/LBNL/NERSC,United States,HPE,2021,AMD EPYC,AMD EPYC 7763 64C 2.45GHz,AMD,NVIDIA A100,888832,64590,89790,2528,71.93451387,HPE Cray OS,Slingshot-11,Industry,2021,June
6,Selene,NVIDIA Corporation,NVIDIA Corporation,United States,Nvidia,2020,AMD EPYC,AMD EPYC 7742 64C 2.25GHz,NVIDIA,NVIDIA DGX,555520,63460,79220,2646,80.10603383,Ubuntu 20.04.1 LTS,Mellanox HDR Infiniband,Industry,2021,June
7,Tianhe-2A,National Super Computer Center in Guangzhou,National Super Computer Center in Guangzhou,China,NUDT,2018,Intel Xeon,Intel Xeon E5-2692v2 12C 2.2GHz,Intel,Intel X,4981760,61440,100680,18482,61.0250298,Kylin Linux,TH Express-2,Government,2021,June
8,JUWELS Booster Module,Forschungszentrum Juelich (FZJ),Forschungszentrum Juelich (FZJ),Germany,EVIDEN,2020,AMD EPYC,AMD EPYC 7402 24C 2.8GHz,AMD,NVIDIA A100,449280,44120,70980,1764,62.15835447,CentOS,Mellanox HDR InfiniBand/ParTec ParaStation ClusterSuite,Industry,2021,June
9,HPC5,Eni S.p.A.,Eni S.p.A.,Italy,DELL,2020,Intel Xeon,Xeon Gold 6252 24C 2.1GHz,NVIDIA,NVIDIA T,669760,35450,51720,2252,68.54215004,CentOS Linux 7,Mellanox HDR Infiniband,Industry,2021,June
10,Frontera,Texas Advanced Computing Center/Univ. of Texas,Texas Advanced Computing Center/Univ. of Texas,United States,DELL,2019,Intel Xeon,Xeon Platinum 8280 28C 2.7GHz,Intel,Intel MKL,448448,23520,38750,9822.687817,60.69677419,CentOS Linux 7,Mellanox InfiniBand HDR,Academic,2021,June
1,Supercomputer Fugaku,RIKEN Center for Computational Science,RIKEN Center for Computational Science,Japan,Unknown,2020,Fujitsu A64FX,A64FX 48C 2.2GHz,Unknown,Unknown,7630848,442010,537210,29899,82.27881089,Red Hat Enterprise Linux,D | TOP500,Industry,2021,November
2,Summit,DOE/SC/Oak Ridge National Laboratory,Oak Ridge National Laboratory (ORNL),United States,IBM,2018,IBM POWER9,IBM POWER9 22C 3.07GHz,NVIDIA,NVIDIA V,2414592,148600,200790,10096,74.0076697,RHEL 7.4,Dual-rail Mellanox EDR Infiniband,Government,2021,November
3,Sierra,DOE/NNSA/LLNL,DOE/NNSA/LLNL,United States,IBM / NVIDIA / Mellanox,2018,IBM POWER9,IBM POWER9 22C 3.1GHz,NVIDIA,NVIDIA V,1572480,94640,125710,7438,75.28438469,Red Hat Enterprise Linux,Dual-rail Mellanox EDR Infiniband,Industry,2021,November
4,Sunway TaihuLight,National Supercomputing Center in Wuxi,National Supercomputing Center in Wuxi,China,NRCPC,2016,Sunway,Sunway SW26010 260C 1.45GHz,Unknown,Unknown,10649600,93010,125440,15371,74.14700255,Sunway RaiseOS 2.0.5,Sunway,Government,2021,November
5,Perlmutter,DOE/SC/LBNL/NERSC,DOE/SC/LBNL/NERSC,United States,HPE,2021,AMD EPYC,AMD EPYC 7763 64C 2.45GHz,AMD,NVIDIA A100,888832,70870,93750,2589,75.59466667,HPE Cray OS,Slingshot-11,Industry,2021,November
6,Selene,NVIDIA Corporation,NVIDIA Corporation,United States,Nvidia,2020,AMD EPYC,AMD EPYC 7742 64C 2.25GHz,NVIDIA,NVIDIA DGX,555520,63460,79220,2646,80.10603383,Ubuntu 20.04.1 LTS,Mellanox HDR Infiniband,Industry,2021,November
7,Tianhe-2A,National Super Computer Center in Guangzhou,National Super Computer Center in Guangzhou,China,NUDT,2018,Intel Xeon,Intel Xeon E5-2692v2 12C 2.2GHz,Intel,Intel X,4981760,61440,100680,18482,61.0250298,Kylin Linux,TH Express-2,Government,2021,November
8,JUWELS Booster Module,Forschungszentrum Juelich (FZJ),Forschungszentrum Juelich (FZJ),Germany,EVIDEN,2020,AMD EPYC,AMD EPYC 7402 24C 2.8GHz,AMD,NVIDIA A100,449280,44120,70980,1764,62.15835447,CentOS,Mellanox HDR InfiniBand/ParTec ParaStation ClusterSuite,Industry,2021,November
9,HPC5,Eni S.p.A.,Eni S.p.A.,Italy,DELL,2020,Intel Xeon,Xeon Gold 6252 24C 2.1GHz,NVIDIA,NVIDIA T,669760,35450,51720,2252,68.54215004,CentOS Linux 7,Mellanox HDR Infiniband,Industry,2021,November
10,Voyager-EUS2,Microsoft Azure,Microsoft Azure,United States,Microsoft Azure,2021,AMD EPYC,AMD EPYC 7V12 48C 2.45GHz,AMD,NVIDIA A100,253440,30050,39530,9822.342309,76.01821401,Ubuntu 18.04 LTS,Mellanox HDR Infiniband,Industry,2021,November
1,Supercomputer Fugaku,RIKEN Center for Computational Science,RIKEN Center for Computational Science,Japan,Fujitsu,2020,Fujitsu A64FX,A64FX 48C 2.2GHz,Unknown,Unknown,7630848,415530,513850,28335,80.86601148,Red Hat Enterprise Linux,D | TOP500,Industry,2020,June
2,Summit,DOE/SC/Oak Ridge National Laboratory,Oak Ridge National Laboratory (ORNL),United States,IBM,2018,IBM POWER9,IBM POWER9 22C 3.07GHz,NVIDIA,NVIDIA V,2414592,148600,200790,10096,74.0076697,RHEL 7.4,Dual-rail Mellanox EDR Infiniband,Government,2020,June
3,Sierra,DOE/NNSA/LLNL,DOE/NNSA/LLNL,United States,IBM / NVIDIA / Mellanox,2018,IBM POWER9,IBM POWER9 22C 3.1GHz,NVIDIA,NVIDIA V,1572480,94640,125710,7438,75.28438469,Red Hat Enterprise Linux,Dual-rail Mellanox EDR Infiniband,Industry,2020,June
4,Sunway TaihuLight,National Supercomputing Center in Wuxi,National Supercomputing Center in Wuxi,China,NRCPC,2016,Sunway,Sunway SW26010 260C 1.45GHz,Unknown,Unknown,10649600,93010,125440,15371,74.14700255,Sunway RaiseOS 2.0.5,Sunway,Government,2020,June
5,Tianhe-2A,National Super Computer Center in Guangzhou,National Super Computer Center in Guangzhou,China,NUDT,2018,Intel Xeon,Intel Xeon E5-2692v2 12C 2.2GHz,Intel,Intel X,4981760,61440,100680,18482,61.0250298,Kylin Linux,TH Express-2,Government,2020,June
6,HPC5,Eni S.p.A.,Eni S.p.A.,Italy,DELL,2020,Intel Xeon,Xeon Gold 6252 24C 2.1GHz,NVIDIA,NVIDIA T,669760,35450,51720,2252,68.54215004,CentOS Linux 7,Mellanox HDR Infiniband,Industry,2020,June
7,Selene,NVIDIA Corporation,NVIDIA Corporation,United States,Nvidia,2020,AMD EPYC,AMD EPYC 7742 64C 2.25GHz,NVIDIA,NVIDIA DGX,555520,27580,34570,1344,79.7801562,Ubuntu 20.04.1 LTS,Mellanox HDR Infiniband,Industry,2020,June
8,Frontera,Texas Advanced Computing Center/Univ. of Texas,Texas Advanced Computing Center/Univ. of Texas,United States,DELL,2019,Intel Xeon,Xeon Platinum 8280 28C 2.7GHz,Intel,Intel MKL,448448,23520,38750,9822.687817,60.69677419,CentOS Linux 7,Mellanox InfiniBand HDR,Academic,2020,June
9,Marconi-100,CINECA,CINECA,Italy,IBM,2019,IBM POWER9,IBM POWER9 16C 3GHz,NVIDIA,Unknown,347776,21640,29350,1476,73.73083475,RHEL 7.6,Dual-rail Mellanox EDR Infiniband,Industry,2020,June
10,Piz Daint,Swiss National Supercomputing Centre (CSCS),CSC - IT Center for Science,Switzerland,Cray/HPE,2017,Intel Xeon,Xeon E5-2690v3 12C 2.6GHz,NVIDIA,NVIDIA T,387872,21230,27150,2384,78.19521179,Cray Linux Environment,", NVIDIA Tesla P100 | TOP500",Industry,2020,June
1,Supercomputer Fugaku,RIKEN Center for Computational Science,RIKEN Center for Computational Science,Japan,Fujitsu,2020,Fujitsu A64FX,A64FX 48C 2.2GHz,Unknown,Unknown,7630848,442010,537210,29899,82.27881089,Red Hat Enterprise Linux,D | TOP500,Industry,2020,November
2,Summit,DOE/SC/Oak Ridge National Laboratory,Oak Ridge National Laboratory (ORNL),United States,IBM,2018,IBM POWER9,IBM POWER9 22C 3.07GHz,NVIDIA,NVIDIA V,2414592,148600,200790,10096,74.0076697,RHEL 7.4,Dual-rail Mellanox EDR Infiniband,Government,2020,November
3,Sierra,DOE/NNSA/LLNL,DOE/NNSA/LLNL,United States,IBM / NVIDIA / Mellanox,2018,IBM POWER9,IBM POWER9 22C 3.1GHz,NVIDIA,NVIDIA V,1572480,94640,125710,7438,75.28438469,Red Hat Enterprise Linux,Dual-rail Mellanox EDR Infiniband,Industry,2020,November
4,Sunway TaihuLight,National Supercomputing Center in Wuxi,National Supercomputing Center in Wuxi,China,NRCPC,2016,Sunway,Sunway SW26010 260C 1.45GHz,Unknown,Unknown,10649600,93010,125440,15371,74.14700255,Sunway RaiseOS 2.0.5,Sunway,Government,2020,November
5,Selene,NVIDIA Corporation,NVIDIA Corporation,United States,Nvidia,2020,AMD EPYC,AMD EPYC 7742 64C 2.25GHz,NVIDIA,NVIDIA DGX,555520,63460,79220,2646,80.10603383,Ubuntu 20.04.1 LTS,Mellanox HDR Infiniband,Industry,2020,November
6,Tianhe-2A,National Super Computer Center in Guangzhou,National Super Computer Center in Guangzhou,China,NUDT,2018,Intel Xeon,Intel Xeon E5-2692v2 12C 2.2GHz,Intel,Intel X,4981760,61440,100680,18482,61.0250298,Kylin Linux,TH Express-2,Government,2020,November
7,JUWELS Booster Module,Forschungszentrum Juelich (FZJ),Forschungszentrum Juelich (FZJ),Germany,EVIDEN,2020,AMD EPYC,AMD EPYC 7402 24C 2.8GHz,AMD,NVIDIA A100,449280,44120,70980,1764,62.15835447,CentOS,Mellanox HDR InfiniBand/ParTec ParaStation ClusterSuite,Industry,2020,November
8,HPC5,Eni S.p.A.,Eni S.p.A.,Italy,DELL,2020,Intel Xeon,Xeon Gold 6252 24C 2.1GHz,NVIDIA,NVIDIA T,669760,35450,51720,2252,68.54215004,CentOS Linux 7,Mellanox HDR Infiniband,Industry,2020,November
9,Frontera,Texas Advanced Computing Center/Univ. of Texas,Texas Advanced Computing Center/Univ. of Texas,United States,DELL,2019,Intel Xeon,Xeon Platinum 8280 28C 2.7GHz,Intel,Intel MKL,448448,23520,38750,9822.687817,60.69677419,CentOS Linux 7,Mellanox InfiniBand HDR,Academic,2020,November
10,Dammam-7,Saudi Aramco,Saudi Aramco,Saudi Arabia,HPE,2020,Intel Xeon,Xeon Gold 6248 20C 2.5GHz,NVIDIA,NVIDIA T,672520,22400,55420,9823.690965,40.41862144,RHEL 7.7,InfiniBand HDR100,Industry,2020,November
1,Summit,DOE/SC/Oak Ridge National Laboratory,Oak Ridge National Laboratory (ORNL),United States,IBM,2018,IBM POWER9,IBM POWER9 22C 3.07GHz,NVIDIA,NVIDIA V,2414592,148600,200790,10096,74.0076697,RHEL 7.4,Dual-rail Mellanox EDR Infiniband,Government,2019,June
2,Sierra,DOE/NNSA/LLNL,DOE/NNSA/LLNL,United States,IBM / NVIDIA / Mellanox,2018,IBM POWER9,IBM POWER9 22C 3.1GHz,NVIDIA,NVIDIA V,1572480,94640,125710,7438,75.28438469,Red Hat Enterprise Linux,Dual-rail Mellanox EDR Infiniband,Industry,2019,June
3,Sunway TaihuLight,National Supercomputing Center in Wuxi,National Supercomputing Center in Wuxi,China,NRCPC,2016,Sunway,Sunway SW26010 260C 1.45GHz,Unknown,Unknown,10649600,93010,125440,15371,74.14700255,Sunway RaiseOS 2.0.5,Sunway,Government,2019,June
4,Tianhe-2A,National Super Computer Center in Guangzhou,National Super Computer Center in Guangzhou,China,NUDT,2018,Intel Xeon,Intel Xeon E5-2692v2 12C 2.2GHz,Intel,Intel X,4981760,61440,100680,18482,61.0250298,Kylin Linux,TH Express-2,Government,2019,June
5,Frontera,Texas Advanced Computing Center/Univ. of Texas,Texas Advanced Computing Center/Univ. of Texas,United States,DELL,2019,Intel Xeon,Xeon Platinum 8280 28C 2.7GHz,Intel,Intel MKL,448448,23520,38750,9822.687817,60.69677419,CentOS Linux 7,Mellanox InfiniBand HDR,Academic,2019,June
6,Piz Daint,Swiss National Supercomputing Centre (CSCS),CSC - IT Center for Science,Switzerland,Cray/HPE,2017,Intel Xeon,Xeon E5-2690v3 12C 2.6GHz,NVIDIA,NVIDIA T,387872,21230,27150,2384,78.19521179,Cray Linux Environment,", NVIDIA Tesla P100 | TOP500",Industry,2019,June
7,Trinity,DOE/NNSA/LANL/SNL,DOE/NNSA/LANL/SNL,United States,Cray/HPE,2017,Intel Xeon,Intel Xeon Phi 7250 68C 1.4GHz,Intel,Intel X,979072,20160,41460,7578,48.6251809,Cray Linux Environment,| TOP500,Industry,2019,June
8,AI Bridging Cloud Infrastructure (ABCI),National Institute of Advanced Industrial Science and Technology (AIST),National Institute of Advanced Industrial Science and Technology (AIST),Japan,Fujitsu,2018,Intel Xeon,Xeon Gold 6148 20C 2.4GHz,NVIDIA,NVIDIA T,391680,19880,32580,1649,61.01903008,Linux,Infiniband EDR,Academic,2019,June
9,SuperMUC-NG,Leibniz Rechenzentrum,Leibniz Rechenzentrum,Germany,Lenovo,2018,Intel Xeon,Xeon Platinum 8174 24C 3.1GHz,Intel,Intel O,305856,19480,26870,9822.261369,72.49720878,SUSE Linux Enterprise Server 12 SP3,Intel Omni-Path,Industry,2019,June
10,Lassen,DOE/NNSA/LLNL,DOE/NNSA/LLNL,United States,IBM / NVIDIA / Mellanox,2018,IBM POWER9,IBM POWER9 22C 3.1GHz,NVIDIA,NVIDIA T,288288,18200,23050,9822.123109,78.95878525,Red Hat Enterprise Linux,Dual-rail Mellanox EDR Infiniband,Industry,2019,June
1,Summit,DOE/SC/Oak Ridge National Laboratory,Oak Ridge National Laboratory (ORNL),United States,IBM,2018,IBM POWER9,IBM POWER9 22C 3.07GHz,NVIDIA,NVIDIA V,2414592,148600,200790,10096,74.0076697,RHEL 7.4,Dual-rail Mellanox EDR Infiniband,Government,2019,November
2,Sierra,DOE/NNSA/LLNL,DOE/NNSA/LLNL,United States,IBM / NVIDIA / Mellanox,2018,IBM POWER9,IBM POWER9 22C 3.1GHz,NVIDIA,NVIDIA V,1572480,94640,125710,7438,75.28438469,Red Hat Enterprise Linux,Dual-rail Mellanox EDR Infiniband,Industry,2019,November
3,Sunway TaihuLight,National Supercomputing Center in Wuxi,National Supercomputing Center in Wuxi,China,NRCPC,2016,Sunway,Sunway SW26010 260C 1.45GHz,Unknown,Unknown,10649600,93010,125440,15371,74.14700255,Sunway RaiseOS 2.0.5,Sunway,Government,2019,November
4,Tianhe-2A,National Super Computer Center in Guangzhou,National Super Computer Center in Guangzhou,China,NUDT,2018,Intel Xeon,Intel Xeon E5-2692v2 12C 2.2GHz,Intel,Intel X,4981760,61440,100680,18482,61.0250298,Kylin Linux,TH Express-2,Government,2019,November
5,Frontera,Texas Advanced Computing Center/Univ. of Texas,Texas Advanced Computing Center/Univ. of Texas,United States,DELL,2019,Intel Xeon,Xeon Platinum 8280 28C 2.7GHz,Intel,Intel MKL,448448,23520,38750,9822.687817,60.69677419,CentOS Linux 7,Mellanox InfiniBand HDR,Academic,2019,November
6,Piz Daint,Swiss National Supercomputing Centre (CSCS),CSC - IT Center for Science,Switzerland,Cray/HPE,2017,Intel Xeon,Xeon E5-2690v3 12C 2.6GHz,NVIDIA,NVIDIA T,387872,21230,27150,2384,78.19521179,Cray Linux Environment,", NVIDIA Tesla P100 | TOP500",Industry,2019,November
7,Trinity,DOE/NNSA/LANL/SNL,DOE/NNSA/LANL/SNL,United States,Cray/HPE,2017,Intel Xeon,Intel Xeon Phi 7250 68C 1.4GHz,Intel,Intel X,979072,20160,41460,7578,48.6251809,Cray Linux Environment,| TOP500,Industry,2019,November
8,AI Bridging Cloud Infrastructure (ABCI),National Institute of Advanced Industrial Science and Technology (AIST),National Institute of Advanced Industrial Science and Technology (AIST),Japan,Fujitsu,2018,Intel Xeon,Xeon Gold 6148 20C 2.4GHz,NVIDIA,NVIDIA T,391680,19880,32580,1649,61.01903008,Linux,Infiniband EDR,Academic,2019,November
9,SuperMUC-NG,Leibniz Rechenzentrum,Leibniz Rechenzentrum,Germany,Lenovo,2018,Intel Xeon,Xeon Platinum 8174 24C 3.1GHz,Intel,Intel O,305856,19480,26870,9822.261369,72.49720878,SUSE Linux Enterprise Server 12 SP3,Intel Omni-Path,Industry,2019,November
10,Lassen,DOE/NNSA/LLNL,DOE/NNSA/LLNL,United States,IBM / NVIDIA / Mellanox,2018,IBM POWER9,IBM POWER9 22C 3.1GHz,NVIDIA,NVIDIA T,288288,18200,23050,9822.123109,78.95878525,Red Hat Enterprise Linux,Dual-rail Mellanox EDR Infiniband,Industry,2019,November
1,Summit,DOE/SC/Oak Ridge National Laboratory,Oak Ridge National Laboratory (ORNL),United States,Unknown,2018,IBM POWER9,IBM POWER9 22C 3.07GHz,NVIDIA,NVIDIA V,2414592,122300000,187659270,8806,65.17130755,RHEL 7.4,Dual-rail Mellanox EDR Infiniband,Government,2018,June
2,Sunway TaihuLight,National Supercomputing Center in Wuxi,National Supercomputing Center in Wuxi,China,NRCPC,2016,Sunway,Sunway SW26010 260C 1.45GHz,Unknown,Unknown,10649600,93014590,125435900,15371,74.15308536,Sunway RaiseOS 2.0.5,Sunway,Government,2018,June
3,Sierra,DOE/NNSA/LLNL,DOE/NNSA/LLNL,United States,IBM / NVIDIA / Mellanox,2018,IBM POWER9,IBM POWER9 22C 3.1GHz,NVIDIA,NVIDIA V,1572480,71610000,119193600,12247.74177,60.07872906,Red Hat Enterprise Linux,Dual-rail Mellanox EDR Infiniband,Industry,2018,June
4,Tianhe-2A,National Super Computer Center in Guangzhou,National Super Computer Center in Guangzhou,China,NUDT,2018,Intel Xeon,Intel Xeon E5-2692v2 12C 2.2GHz,Intel,Intel X,4981760,61444500,100678660,18482,61.03031169,Kylin Linux,TH Express-2,Government,2018,June
5,AI Bridging Cloud Infrastructure (ABCI),National Institute of Advanced Industrial Science and Technology (AIST),National Institute of Advanced Industrial Science and Technology (AIST),Japan,Fujitsu,2018,Intel Xeon,Xeon Gold 6148 20C 2.4GHz,NVIDIA,NVIDIA T,391680,19880000,32576630,1649,61.0253424,Linux,Infiniband EDR,Academic,2018,June
6,Piz Daint,Swiss National Supercomputing Centre (CSCS),CSC - IT Center for Science,Switzerland,Cray/HPE,2017,Intel Xeon,Xeon E5-2690v3 12C 2.6GHz,NVIDIA,NVIDIA T,387872,19590000,25326260,2272,77.35054445,Cray Linux Environment,", NVIDIA Tesla P100 | TOP500",Industry,2018,June
7,Titan,DOE/SC/Oak Ridge National Laboratory,Oak Ridge National Laboratory (ORNL),United States,Cray/HPE,2012,Opteron,Opteron 6274 16C 2.2GHz,NVIDIA,NVIDIA K20,560640,17590000,27112550,8209,64.87770424,Cray Linux Environment,", NVIDIA K20x | TOP500",Government,2018,June
8,Sequoia,DOE/NNSA/LLNL,DOE/NNSA/LLNL,United States,IBM,2011,Power,Power BQC 16C 1.6GHz,Unknown,Unknown,1572864,17173220,20132660,7890,85.30030309,Linux,Custom Interconnect,Industry,2018,June
9,Trinity,DOE/NNSA/LANL/SNL,DOE/NNSA/LANL/SNL,United States,Cray/HPE,2017,Intel Xeon,Intel Xeon Phi 7250 68C 1.4GHz,Intel,Intel X,979072,14137300,43902570,3844,32.20153171,Cray Linux Environment,| TOP500,Industry,2018,June
10,Cori,DOE/SC/LBNL/NERSC,DOE/SC/LBNL/NERSC,United States,Cray/HPE,2016,Intel Xeon,Intel Xeon Phi 7250 68C 1.4GHz,Intel,Intel X,622336,14014700,27880650,3939,50.26676207,Cray Linux Environment,| TOP500,Industry,2018,June
1,Summit,DOE/SC/Oak Ridge National Laboratory,Oak Ridge National Laboratory (ORNL),United States,IBM,2018,IBM POWER9,IBM POWER9 22C 3.07GHz,NVIDIA,NVIDIA V,2414592,143500000,200794880,9783,71.46596567,RHEL 7.4,Dual-rail Mellanox EDR Infiniband,Government,2018,November
2,Sierra,DOE/NNSA/LLNL,DOE/NNSA/LLNL,United States,IBM / NVIDIA / Mellanox,2018,IBM POWER9,IBM POWER9 22C 3.1GHz,NVIDIA,NVIDIA V,1572480,94640000,125712000,7438,75.28318697,Red Hat Enterprise Linux,Dual-rail Mellanox EDR Infiniband,Industry,2018,November
3,Sunway TaihuLight,National Supercomputing Center in Wuxi,National Supercomputing Center in Wuxi,China,NRCPC,2016,Sunway,Sunway SW26010 260C 1.45GHz,Unknown,Unknown,10649600,93014590,125435900,15371,74.15308536,Sunway RaiseOS 2.0.5,Sunway,Government,2018,November
4,Tianhe-2A,National Super Computer Center in Guangzhou,National Super Computer Center in Guangzhou,China,NUDT,2018,Intel Xeon,Intel Xeon E5-2692v2 12C 2.2GHz,Intel,Intel X,4981760,61444500,100678660,18482,61.03031169,Kylin Linux,TH Express-2,Government,2018,November
5,Piz Daint,Swiss National Supercomputing Centre (CSCS),CSC - IT Center for Science,Switzerland,Cray/HPE,2017,Intel Xeon,Xeon E5-2690v3 12C 2.6GHz,NVIDIA,NVIDIA T,387872,21230000,27154300,2384,78.18282924,Cray Linux Environment,", NVIDIA Tesla P100 | TOP500",Industry,2018,November
6,Trinity,DOE/NNSA/LANL/SNL,DOE/NNSA/LANL/SNL,United States,Cray/HPE,2017,Intel Xeon,Intel Xeon Phi 7250 68C 1.4GHz,Intel,Intel X,979072,20158700,41461150,7578,48.62069672,Cray Linux Environment,| TOP500,Industry,2018,November
7,AI Bridging Cloud Infrastructure (ABCI),National Institute of Advanced Industrial Science and Technology (AIST),National Institute of Advanced Industrial Science and Technology (AIST),Japan,Fujitsu,2018,Intel Xeon,Xeon Gold 6148 20C 2.4GHz,NVIDIA,NVIDIA T,391680,19880000,32576630,1649,61.0253424,Linux,Infiniband EDR,Academic,2018,November
8,SuperMUC-NG,Leibniz Rechenzentrum,Leibniz Rechenzentrum,Germany,Lenovo,2018,Intel Xeon,Xeon Platinum 8174 24C 3.1GHz,Intel,Intel O,305856,19476600,26873860,10170.24741,72.47414402,SUSE Linux Enterprise Server 12 SP3,Intel Omni-Path,Industry,2018,November
9,Titan,DOE/SC/Oak Ridge National Laboratory,Oak Ridge National Laboratory (ORNL),United States,Cray/HPE,2012,Opteron,Opteron 6274 16C 2.2GHz,NVIDIA,NVIDIA K20,560640,17590000,27112550,8209,64.87770424,Cray Linux Environment,", NVIDIA K20x | TOP500",Government,2018,November
10,Sequoia,DOE/NNSA/LLNL,DOE/NNSA/LLNL,United States,IBM,2011,Power,Power BQC 16C 1.6GHz,Unknown,Unknown,1572864,17173220,20132660,7890,85.30030309,Linux,Custom Interconnect,Industry,2018,November
1,Sunway TaihuLight,National Supercomputing Center in Wuxi,National Supercomputing Center in Wuxi,China,Unknown,2016,Sunway,Sunway SW26010 260C 1.45GHz,Unknown,Unknown,10649600,93014590,125435900,15371,74.15308536,Sunway RaiseOS 2.0.5,Sunway,Government,2017,June
2,Tianhe-2A,National Super Computer Center in Guangzhou,National Super Computer Center in Guangzhou,China,NUDT,2018,Intel Xeon,Intel Xeon E5-2692v2 12C 2.2GHz,Intel,Intel X,4981760,33862700,54902400,17808,61.67799586,Kylin Linux,TH Express-2,Government,2017,June
3,Piz Daint,Swiss National Supercomputing Centre (CSCS),CSC - IT Center for Science,Switzerland,Cray/HPE,2017,Intel Xeon,Xeon E5-2690v3 12C 2.6GHz,NVIDIA,NVIDIA T,387872,19590000,25326260,2272,77.35054445,Cray Linux Environment,", NVIDIA Tesla P100 | TOP500",Industry,2017,June
4,Titan,DOE/SC/Oak Ridge National Laboratory,Oak Ridge National Laboratory (ORNL),United States,Cray/HPE,2012,Opteron,Opteron 6274 16C 2.2GHz,NVIDIA,NVIDIA K20,560640,17590000,27112550,8209,64.87770424,Cray Linux Environment,", NVIDIA K20x | TOP500",Government,2017,June
5,Sequoia,DOE/NNSA/LLNL,DOE/NNSA/LLNL,United States,IBM,2011,Power,Power BQC 16C 1.6GHz,Unknown,Unknown,1572864,17173220,20132660,7890,85.30030309,Linux,Custom Interconnect,Industry,2017,June
6,Cori,DOE/SC/LBNL/NERSC,DOE/SC/LBNL/NERSC,United States,Cray/HPE,2016,Intel Xeon,Intel Xeon Phi 7250 68C 1.4GHz,Intel,Intel X,622336,14014700,27880650,3939,50.26676207,Cray Linux Environment,| TOP500,Industry,2017,June
7,Oakforest-PACS,Joint Center for Advanced High Performance Computing,Joint Center for Advanced High Performance Computing,Japan,Fujitsu,2016,Intel Xeon,Intel Xeon Phi 7250 68C 1.4GHz,Intel,Intel X,556104,13554600,24913460,2719,54.40673435,Linux,Intel Omni-Path,Industry,2017,June
8,"K computer, SPARC64 VIIIfx 2.0GHz, Tofu interconnect,FujitsuRIKEN Advanced Institute for Computational Science (AICS)Japan",RIKEN Advanced Institute for Computational Science (AICS),RIKEN Center for Computational Science,Japan,Fujitsu,2011,SPARC64,SPARC64 VIIIfx 8C 2GHz,Unknown,Unknown,705024,10510000,11280380,12660,93.17062014,Linux,| TOP500,Industry,2017,June
9,Mira,DOE/SC/Argonne National Laboratory,Argonne National Laboratory (ANL),United States,IBM,2012,Power,Power BQC 16C 1.6GHz,Unknown,Unknown,786432,8586610,10066330,3945,85.30030309,Linux,Custom Interconnect,Government,2017,June
10,Trinity,DOE/NNSA/LANL/SNL,DOE/NNSA/LANL/SNL,United States,Cray/HPE,2017,Intel Xeon,Intel Xeon Phi 7250 68C 1.4GHz,Intel,Intel X,979072,8100900,11078860,4233,73.1203391,Cray Linux Environment,| TOP500,Industry,2017,June
1,Sunway TaihuLight,National Supercomputing Center in Wuxi,National Supercomputing Center in Wuxi,China,NRCPC,2016,Sunway,Sunway SW26010 260C 1.45GHz,Unknown,Unknown,10649600,93014590,125435900,15371,74.15308536,Sunway RaiseOS 2.0.5,Sunway,Government,2017,November
2,Tianhe-2A,National Super Computer Center in Guangzhou,National Super Computer Center in Guangzhou,China,NUDT,2018,Intel Xeon,Intel Xeon E5-2692v2 12C 2.2GHz,Intel,Intel X,4981760,33862700,54902400,17808,61.67799586,Kylin Linux,TH Express-2,Government,2017,November
3,Piz Daint,Swiss National Supercomputing Centre (CSCS),CSC - IT Center for Science,Switzerland,Cray/HPE,2017,Intel Xeon,Xeon E5-2690v3 12C 2.6GHz,NVIDIA,NVIDIA T,387872,19590000,25326260,2272,77.35054445,Cray Linux Environment,", NVIDIA Tesla P100 | TOP500",Industry,2017,November
4,Gyoukou,Japan Agency for Marine-Earth Science and Technology,Japan Agency for Marine-Earth Science and Technology,Japan,ExaScaler,2017,Intel Xeon,Xeon D-1571 16C 1.3GHz,Unknown,Unknown,19860000,19135800,28192000,1350,67.87670261,CentOS,Infiniband EDR,Industry,2017,November
5,Titan,DOE/SC/Oak Ridge National Laboratory,Oak Ridge National Laboratory (ORNL),United States,Cray/HPE,2012,Opteron,Opteron 6274 16C 2.2GHz,NVIDIA,NVIDIA K20,560640,17590000,27112550,8209,64.87770424,Cray Linux Environment,", NVIDIA K20x | TOP500",Government,2017,November
6,Sequoia,DOE/NNSA/LLNL,DOE/NNSA/LLNL,United States,IBM,2011,Power,Power BQC 16C 1.6GHz,Unknown,Unknown,1572864,17173220,20132660,7890,85.30030309,Linux,Custom Interconnect,Industry,2017,November
7,Trinity,DOE/NNSA/LANL/SNL,DOE/NNSA/LANL/SNL,United States,Cray/HPE,2017,Intel Xeon,Intel Xeon Phi 7250 68C 1.4GHz,Intel,Intel X,979072,14137300,43902570,3844,32.20153171,Cray Linux Environment,| TOP500,Industry,2017,November
8,Cori,DOE/SC/LBNL/NERSC,DOE/SC/LBNL/NERSC,United States,Cray/HPE,2016,Intel Xeon,Intel Xeon Phi 7250 68C 1.4GHz,Intel,Intel X,622336,14014700,27880650,3939,50.26676207,Cray Linux Environment,| TOP500,Industry,2017,November
9,Oakforest-PACS,Joint Center for Advanced High Performance Computing,Joint Center for Advanced High Performance Computing,Japan,Fujitsu,2016,Intel Xeon,Intel Xeon Phi 7250 68C 1.4GHz,Intel,Intel X,556104,13554600,24913460,2719,54.40673435,Linux,Intel Omni-Path,Industry,2017,November
10,"K computer, SPARC64 VIIIfx 2.0GHz, Tofu interconnect,FujitsuRIKEN Advanced Institute for Computational Science (AICS)Japan",RIKEN Advanced Institute for Computational Science (AICS),RIKEN Center for Computational Science,Japan,Fujitsu,2011,SPARC64,SPARC64 VIIIfx 8C 2GHz,Unknown,Unknown,705024,10510000,11280380,12660,93.17062014,Linux,| TOP500,Industry,2017,November
1,Sunway TaihuLight,National Supercomputing Center in Wuxi,National Supercomputing Center in Wuxi,China,NRCPC,2016,Sunway,Sunway SW26010 260C 1.45GHz,Unknown,Unknown,10649600,93014590,125435900,15371,74.15308536,Sunway RaiseOS 2.0.5,Sunway,Government,2016,June
2,Tianhe-2A,National Super Computer Center in Guangzhou,National Super Computer Center in Guangzhou,China,NUDT,2018,Intel Xeon,Intel Xeon E5-2692v2 12C 2.2GHz,Intel,Intel X,4981760,33862700,54902400,17808,61.67799586,Kylin Linux,TH Express-2,Government,2016,June
3,Titan,DOE/SC/Oak Ridge National Laboratory,Oak Ridge National Laboratory (ORNL),United States,Cray/HPE,2012,Opteron,Opteron 6274 16C 2.2GHz,NVIDIA,NVIDIA K20,560640,17590000,27112550,8209,64.87770424,Cray Linux Environment,", NVIDIA K20x | TOP500",Government,2016,June
4,Sequoia,DOE/NNSA/LLNL,DOE/NNSA/LLNL,United States,IBM,2011,Power,Power BQC 16C 1.6GHz,Unknown,Unknown,1572864,17173220,20132660,7890,85.30030309,Linux,Custom Interconnect,Industry,2016,June
5,"K computer, SPARC64 VIIIfx 2.0GHz, Tofu interconnect,FujitsuRIKEN Advanced Institute for Computational Science (AICS)Japan",RIKEN Advanced Institute for Computational Science (AICS),RIKEN Center for Computational Science,Japan,Fujitsu,2011,SPARC64,SPARC64 VIIIfx 8C 2GHz,Unknown,Unknown,705024,10510000,11280380,12660,93.17062014,Linux,| TOP500,Industry,2016,June
6,Mira,DOE/SC/Argonne National Laboratory,Argonne National Laboratory (ANL),United States,IBM,2012,Power,Power BQC 16C 1.6GHz,Unknown,Unknown,786432,8586610,10066330,3945,85.30030309,Linux,Custom Interconnect,Government,2016,June
7,Trinity,DOE/NNSA/LANL/SNL,DOE/NNSA/LANL/SNL,United States,Cray/HPE,2017,Intel Xeon,Intel Xeon Phi 7250 68C 1.4GHz,Intel,Intel X,979072,8100900,11078860,4233,73.1203391,Cray Linux Environment,| TOP500,Industry,2016,June
8,Piz Daint,Swiss National Supercomputing Centre (CSCS),CSC - IT Center for Science,Switzerland,Cray/HPE,2017,Intel Xeon,Xeon E5-2690v3 12C 2.6GHz,NVIDIA,NVIDIA T,387872,6271000,7788850,1754,80.51252752,Cray Linux Environment,", NVIDIA Tesla P100 | TOP500",Industry,2016,June
9,Hazel Hen,HLRS - Höchstleistungsrechenzentrum Stuttgart,HLRS - Höchstleistungsrechenzentrum Stuttgart,Germany,Cray/HPE,2015,Intel Xeon,Xeon E5-2680v3 12C 2.5GHz,Unknown,Unknown,185088,5640170,7403520,3615,76.18227546,Cray Linux Environment,| TOP500,Industry,2016,June
10,Shaheen II,King Abdullah University of Science and Technology,King Abdullah University of Science and Technology,Saudi Arabia,Cray/HPE,2015,Intel Xeon,Xeon E5-2698v3 16C 2.3GHz,Unknown,Unknown,196608,5536990,7235170,2834,76.52881688,Cray Linux Environment,| TOP500,Academic,2016,June
1,Sunway TaihuLight,National Supercomputing Center in Wuxi,National Supercomputing Center in Wuxi,China,Unknown,2016,Sunway,Sunway SW26010 260C 1.45GHz,Unknown,Unknown,10649600,93014590,125435900,15371,74.15308536,Sunway RaiseOS 2.0.5,Sunway,Government,2016,November
2,Tianhe-2A,National Super Computer Center in Guangzhou,National Super Computer Center in Guangzhou,China,NUDT,2018,Intel Xeon,Intel Xeon E5-2692v2 12C 2.2GHz,Intel,Intel X,4981760,33862700,54902400,17808,61.67799586,Kylin Linux,TH Express-2,Government,2016,November
3,Titan,DOE/SC/Oak Ridge National Laboratory,Oak Ridge National Laboratory (ORNL),United States,Cray/HPE,2012,Opteron,Opteron 6274 16C 2.2GHz,NVIDIA,NVIDIA K20,560640,17590000,27112550,8209,64.87770424,Cray Linux Environment,", NVIDIA K20x | TOP500",Government,2016,November
4,Sequoia,DOE/NNSA/LLNL,DOE/NNSA/LLNL,United States,IBM,2011,Power,Power BQC 16C 1.6GHz,Unknown,Unknown,1572864,17173220,20132660,7890,85.30030309,Linux,Custom Interconnect,Industry,2016,November
5,Cori,DOE/SC/LBNL/NERSC,DOE/SC/LBNL/NERSC,United States,Cray/HPE,2016,Intel Xeon,Intel Xeon Phi 7250 68C 1.4GHz,Intel,Intel X,622336,14014700,27880650,3939,50.26676207,Cray Linux Environment,| TOP500,Industry,2016,November
6,Oakforest-PACS,Joint Center for Advanced High Performance Computing,Joint Center for Advanced High Performance Computing,Japan,Fujitsu,2016,Intel Xeon,Intel Xeon Phi 7250 68C 1.4GHz,Intel,Intel X,556104,13554600,24913460,2719,54.40673435,Linux,Intel Omni-Path,Industry,2016,November
7,"K computer, SPARC64 VIIIfx 2.0GHz, Tofu interconnect,FujitsuRIKEN Advanced Institute for Computational Science (AICS)Japan",RIKEN Advanced Institute for Computational Science (AICS),RIKEN Center for Computational Science,Japan,Fujitsu,2011,SPARC64,SPARC64 VIIIfx 8C 2GHz,Unknown,Unknown,705024,10510000,11280380,12660,93.17062014,Linux,| TOP500,Industry,2016,November
8,Piz Daint,Swiss National Supercomputing Centre (CSCS),CSC - IT Center for Science,Switzerland,Cray/HPE,2017,Intel Xeon,Xeon E5-2690v3 12C 2.6GHz,NVIDIA,NVIDIA T,387872,9779000,15987970,1312,61.16473824,Cray Linux Environment,", NVIDIA Tesla P100 | TOP500",Industry,2016,November
9,Mira,DOE/SC/Argonne National Laboratory,Argonne National Laboratory (ANL),United States,IBM,2012,Power,Power BQC 16C 1.6GHz,Unknown,Unknown,786432,8586610,10066330,3945,85.30030309,Linux,Custom Interconnect,Government,2016,November
10,Trinity,DOE/NNSA/LANL/SNL,DOE/NNSA/LANL/SNL,United States,Cray/HPE,2017,Intel Xeon,Intel Xeon Phi 7250 68C 1.4GHz,Intel,Intel X,979072,8100900,11078860,4233,73.1203391,Cray Linux Environment,| TOP500,Industry,2016,November
1,Tianhe-2A,National Super Computer Center in Guangzhou,National Super Computer Center in Guangzhou,China,Unknown,2018,Intel Xeon,Intel Xeon E5-2692v2 12C 2.2GHz,Intel,Intel X,4981760,33862700,54902400,17808,61.67799586,Kylin Linux,TH Express-2,Government,2015,June
2,Titan,DOE/SC/Oak Ridge National Laboratory,Oak Ridge National Laboratory (ORNL),United States,Cray/HPE,2012,Opteron,Opteron 6274 16C 2.2GHz,NVIDIA,NVIDIA K20,560640,17590000,27112550,8209,64.87770424,Cray Linux Environment,", NVIDIA K20x | TOP500",Government,2015,June
3,Sequoia,DOE/NNSA/LLNL,DOE/NNSA/LLNL,United States,IBM,2011,Power,Power BQC 16C 1.6GHz,Unknown,Unknown,1572864,17173220,20132660,7890,85.30030309,Linux,Custom Interconnect,Industry,2015,June
4,"K computer, SPARC64 VIIIfx 2.0GHz, Tofu interconnect,FujitsuRIKEN Advanced Institute for Computational Science (AICS)Japan",RIKEN Advanced Institute for Computational Science (AICS),RIKEN Center for Computational Science,Japan,Fujitsu,2011,SPARC64,SPARC64 VIIIfx 8C 2GHz,Unknown,Unknown,705024,10510000,11280380,12660,93.17062014,Linux,| TOP500,Industry,2015,June
5,Mira,DOE/SC/Argonne National Laboratory,Argonne National Laboratory (ANL),United States,IBM,2012,Power,Power BQC 16C 1.6GHz,Unknown,Unknown,786432,8586610,10066330,3945,85.30030309,Linux,Custom Interconnect,Government,2015,June
6,Piz Daint,Swiss National Supercomputing Centre (CSCS),CSC - IT Center for Science,Switzerland,Cray/HPE,2017,Intel Xeon,Xeon E5-2690v3 12C 2.6GHz,NVIDIA,NVIDIA T,387872,6271000,7788850,1754,80.51252752,Cray Linux Environment,", NVIDIA Tesla P100 | TOP500",Industry,2015,June
7,Shaheen II,King Abdullah University of Science and Technology,King Abdullah University of Science and Technology,Saudi Arabia,Cray/HPE,2015,Intel Xeon,Xeon E5-2698v3 16C 2.3GHz,Unknown,Unknown,196608,5536990,7235170,2834,76.52881688,Cray Linux Environment,| TOP500,Academic,2015,June
8,Stampede,Texas Advanced Computing Center/Univ. of Texas,Texas Advanced Computing Center/Univ. of Texas,United States,DELL,2012,Intel Xeon,Xeon E5-2680 8C 2.7GHz,Intel,Intel X,522080,5168110,8520110,4510,60.65778493,Linux,Infiniband FDR,Academic,2015,June
9,JUQUEEN,Forschungszentrum Juelich (FZJ),Forschungszentrum Juelich (FZJ),Germany,IBM,2012,Power,Power BQC 16C 1.6GHz,Unknown,Unknown,458752,5008860,5872030,2301,85.30031352,Linux,| TOP500,Industry,2015,June
10,JUQUEEN,Forschungszentrum Juelich (FZJ),Forschungszentrum Juelich (FZJ),Germany,IBM,2012,Power,Power BQC 16C 1.6GHz,Unknown,Unknown,458752,5008860,5872030,2301,85.30031352,Linux,| TOP500,Industry,2015,June
1,Tianhe-2A,National Super Computer Center in Guangzhou,National Super Computer Center in Guangzhou,China,Unknown,2018,Intel Xeon,Intel Xeon E5-2692v2 12C 2.2GHz,Intel,Intel X,4981760,33862700,54902400,17808,61.67799586,Kylin Linux,TH Express-2,Government,2015,November
2,Titan,DOE/SC/Oak Ridge National Laboratory,Oak Ridge National Laboratory (ORNL),United States,Cray/HPE,2012,Opteron,Opteron 6274 16C 2.2GHz,NVIDIA,NVIDIA K20,560640,17590000,27112550,8209,64.87770424,Cray Linux Environment,", NVIDIA K20x | TOP500",Government,2015,November
3,Sequoia,DOE/NNSA/LLNL,DOE/NNSA/LLNL,United States,IBM,2011,Power,Power BQC 16C 1.6GHz,Unknown,Unknown,1572864,17173220,20132660,7890,85.30030309,Linux,Custom Interconnect,Industry,2015,November
4,"K computer, SPARC64 VIIIfx 2.0GHz, Tofu interconnect,FujitsuRIKEN Advanced Institute for Computational Science (AICS)Japan",RIKEN Advanced Institute for Computational Science (AICS),RIKEN Center for Computational Science,Japan,Fujitsu,2011,SPARC64,SPARC64 VIIIfx 8C 2GHz,Unknown,Unknown,705024,10510000,11280380,12660,93.17062014,Linux,| TOP500,Industry,2015,November
5,Mira,DOE/SC/Argonne National Laboratory,Argonne National Laboratory (ANL),United States,IBM,2012,Power,Power BQC 16C 1.6GHz,Unknown,Unknown,786432,8586610,10066330,3945,85.30030309,Linux,Custom Interconnect,Government,2015,November
6,Trinity,DOE/NNSA/LANL/SNL,DOE/NNSA/LANL/SNL,United States,Cray/HPE,2017,Intel Xeon,Intel Xeon Phi 7250 68C 1.4GHz,Intel,Intel X,979072,8100900,11078860,4233,73.1203391,Cray Linux Environment,| TOP500,Industry,2015,November
7,Piz Daint,Swiss National Supercomputing Centre (CSCS),CSC - IT Center for Science,Switzerland,Cray/HPE,2017,Intel Xeon,Xeon E5-2690v3 12C 2.6GHz,NVIDIA,NVIDIA T,387872,6271000,7788850,1754,80.51252752,Cray Linux Environment,", NVIDIA Tesla P100 | TOP500",Industry,2015,November
8,Hazel Hen,HLRS - Höchstleistungsrechenzentrum Stuttgart,HLRS - Höchstleistungsrechenzentrum Stuttgart,Germany,Cray/HPE,2015,Intel Xeon,Xeon E5-2680v3 12C 2.5GHz,Unknown,Unknown,185088,5640170,7403520,3615,76.18227546,Cray Linux Environment,| TOP500,Industry,2015,November
9,Shaheen II,King Abdullah University of Science and Technology,King Abdullah University of Science and Technology,Saudi Arabia,Cray/HPE,2015,Intel Xeon,Xeon E5-2698v3 16C 2.3GHz,Unknown,Unknown,196608,5536990,7235170,2834,76.52881688,Cray Linux Environment,| TOP500,Academic,2015,November
10,Stampede,Texas Advanced Computing Center/Univ. of Texas,"- PowerEdge C8220, Xeon E5-2680 8C 2.700GHz, Infiniband FDR, Intel Xeon Phi SE10P,",United States,DELL,2012,Unknown,Unknown,Unknown,Intel X,522080,5168110,8520110,4510,60.65778493,Linux,Infiniband FDR,Industry,2015,November
1,Tianhe-2A,National Super Computer Center in Guangzhou,National Super Computer Center in Guangzhou,China,Unknown,2018,Intel Xeon,Intel Xeon E5-2692v2 12C 2.2GHz,Intel,Intel X,4981760,33862700,54902400,17808,61.67799586,Kylin Linux,TH Express-2,Government,2014,June
2,Titan,DOE/SC/Oak Ridge National Laboratory,Oak Ridge National Laboratory (ORNL),United States,Cray/HPE,2012,Opteron,Opteron 6274 16C 2.2GHz,NVIDIA,NVIDIA K20,560640,17590000,27112550,8209,64.87770424,Cray Linux Environment,", NVIDIA K20x | TOP500",Government,2014,June
3,Sequoia,DOE/NNSA/LLNL,DOE/NNSA/LLNL,United States,IBM,2011,Power,Power BQC 16C 1.6GHz,Unknown,Unknown,1572864,17173220,20132660,7890,85.30030309,Linux,Custom Interconnect,Industry,2014,June
4,"K computer, SPARC64 VIIIfx 2.0GHz, Tofu interconnect,FujitsuRIKEN Advanced Institute for Computational Science (AICS)Japan",RIKEN Advanced Institute for Computational Science (AICS),RIKEN Center for Computational Science,Japan,Fujitsu,2011,SPARC64,SPARC64 VIIIfx 8C 2GHz,Unknown,Unknown,705024,10510000,11280380,12660,93.17062014,Linux,| TOP500,Industry,2014,June
5,Mira,DOE/SC/Argonne National Laboratory,Argonne National Laboratory (ANL),United States,IBM,2012,Power,Power BQC 16C 1.6GHz,Unknown,Unknown,786432,8586610,10066330,3945,85.30030309,Linux,Custom Interconnect,Government,2014,June
6,Piz Daint,Swiss National Supercomputing Centre (CSCS),CSC - IT Center for Science,Switzerland,Cray/HPE,2017,Intel Xeon,Xeon E5-2690v3 12C 2.6GHz,NVIDIA,NVIDIA T,387872,6271000,7788850,1754,80.51252752,Cray Linux Environment,", NVIDIA Tesla P100 | TOP500",Industry,2014,June
7,Stampede,Texas Advanced Computing Center/Univ. of Texas,Texas Advanced Computing Center/Univ. of Texas,United States,DELL,2012,Intel Xeon,Xeon E5-2680 8C 2.7GHz,Intel,Intel X,522080,5168110,8520110,4510,60.65778493,Linux,Infiniband FDR,Academic,2014,June
8,JUQUEEN,Forschungszentrum Juelich (FZJ),Forschungszentrum Juelich (FZJ),Germany,IBM,2012,Power,Power BQC 16C 1.6GHz,Unknown,Unknown,458752,5008860,5872030,2301,85.30031352,Linux,| TOP500,Industry,2014,June
9,JUQUEEN,Forschungszentrum Juelich (FZJ),Forschungszentrum Juelich (FZJ),Germany,IBM,2012,Power,Power BQC 16C 1.6GHz,Unknown,Unknown,458752,5008860,5872030,2301,85.30031352,Linux,| TOP500,Industry,2014,June
10,Vulcan,DOE/NNSA/LLNL,DOE/NNSA/LLNL,United States,IBM,2012,Power,Power BQC 16C 1.6GHz,Unknown,Unknown,393216,4293310,5033160,1972,85.30048717,Linux,| TOP500,Industry,2014,June
1,Tianhe-2A,National Super Computer Center in Guangzhou,National Super Computer Center in Guangzhou,China,NUDT,2018,Intel Xeon,Intel Xeon E5-2692v2 12C 2.2GHz,Intel,Intel X,4981760,33862700,54902400,17808,61.67799586,Kylin Linux,TH Express-2,Government,2014,November
2,Titan,DOE/SC/Oak Ridge National Laboratory,Oak Ridge National Laboratory (ORNL),United States,Cray/HPE,2012,Opteron,Opteron 6274 16C 2.2GHz,NVIDIA,NVIDIA K20,560640,17590000,27112550,8209,64.87770424,Cray Linux Environment,", NVIDIA K20x | TOP500",Government,2014,November
3,Sequoia,DOE/NNSA/LLNL,DOE/NNSA/LLNL,United States,IBM,2011,Power,Power BQC 16C 1.6GHz,Unknown,Unknown,1572864,17173220,20132660,7890,85.30030309,Linux,Custom Interconnect,Industry,2014,November
4,"K computer, SPARC64 VIIIfx 2.0GHz, Tofu interconnect,FujitsuRIKEN Advanced Institute for Computational Science (AICS)Japan",RIKEN Advanced Institute for Computational Science (AICS),RIKEN Center for Computational Science,Japan,Fujitsu,2011,SPARC64,SPARC64 VIIIfx 8C 2GHz,Unknown,Unknown,705024,10510000,11280380,12660,93.17062014,Linux,| TOP500,Industry,2014,November
5,Mira,DOE/SC/Argonne National Laboratory,Argonne National Laboratory (ANL),United States,IBM,2012,Power,Power BQC 16C 1.6GHz,Unknown,Unknown,786432,8586610,10066330,3945,85.30030309,Linux,Custom Interconnect,Government,2014,November
6,Piz Daint,Swiss National Supercomputing Centre (CSCS),CSC - IT Center for Science,Switzerland,Cray/HPE,2017,Intel Xeon,Xeon E5-2690v3 12C 2.6GHz,NVIDIA,NVIDIA T,387872,6271000,7788850,1754,80.51252752,Cray Linux Environment,", NVIDIA Tesla P100 | TOP500",Industry,2014,November
7,Stampede,Texas Advanced Computing Center/Univ. of Texas,Texas Advanced Computing Center/Univ. of Texas,United States,DELL,2012,Intel Xeon,Xeon E5-2680 8C 2.7GHz,Intel,Intel X,522080,5168110,8520110,4510,60.65778493,Linux,Infiniband FDR,Academic,2014,November
8,JUQUEEN,Forschungszentrum Juelich (FZJ),Forschungszentrum Juelich (FZJ),Germany,IBM,2012,Power,Power BQC 16C 1.6GHz,Unknown,Unknown,458752,5008860,5872030,2301,85.30031352,Linux,| TOP500,Industry,2014,November
9,JUQUEEN,Forschungszentrum Juelich (FZJ),Forschungszentrum Juelich (FZJ),Germany,IBM,2012,Power,Power BQC 16C 1.6GHz,Unknown,Unknown,458752,5008860,5872030,2301,85.30031352,Linux,| TOP500,Industry,2014,November
10,Vulcan,DOE/NNSA/LLNL,DOE/NNSA/LLNL,United States,IBM,2012,Power,Power BQC 16C 1.6GHz,Unknown,Unknown,393216,4293310,5033160,1972,85.30048717,Linux,| TOP500,Industry,2014,November
1,Tianhe-2A,National Super Computer Center in Guangzhou,National Super Computer Center in Guangzhou,China,NUDT,2018,Intel Xeon,Intel Xeon E5-2692v2 12C 2.2GHz,Intel,Intel X,4981760,33862700,54902400,17808,61.67799586,Kylin Linux,TH Express-2,Government,2013,June
2,Titan,DOE/SC/Oak Ridge National Laboratory,Oak Ridge National Laboratory (ORNL),United States,Cray/HPE,2012,Opteron,Opteron 6274 16C 2.2GHz,NVIDIA,NVIDIA K20,560640,17590000,27112550,8209,64.87770424,Cray Linux Environment,", NVIDIA K20x | TOP500",Government,2013,June
3,Sequoia,DOE/NNSA/LLNL,DOE/NNSA/LLNL,United States,IBM,2011,Power,Power BQC 16C 1.6GHz,Unknown,Unknown,1572864,17173220,20132660,7890,85.30030309,Linux,Custom Interconnect,Industry,2013,June
4,"K computer, SPARC64 VIIIfx 2.0GHz, Tofu interconnect,FujitsuRIKEN Advanced Institute for Computational Science (AICS)Japan",RIKEN Advanced Institute for Computational Science (AICS),RIKEN Center for Computational Science,Japan,Fujitsu,2011,SPARC64,SPARC64 VIIIfx 8C 2GHz,Unknown,Unknown,705024,10510000,11280380,12660,93.17062014,Linux,| TOP500,Industry,2013,June
5,Mira,DOE/SC/Argonne National Laboratory,Argonne National Laboratory (ANL),United States,IBM,2012,Power,Power BQC 16C 1.6GHz,Unknown,Unknown,786432,8586610,10066330,3945,85.30030309,Linux,Custom Interconnect,Government,2013,June
6,Stampede,Texas Advanced Computing Center/Univ. of Texas,Texas Advanced Computing Center/Univ. of Texas,United States,DELL,2012,Intel Xeon,Xeon E5-2680 8C 2.7GHz,Intel,Intel X,522080,5168110,8520110,4510,60.65778493,Linux,Infiniband FDR,Academic,2013,June
7,JUQUEEN,Forschungszentrum Juelich (FZJ),Forschungszentrum Juelich (FZJ),Germany,IBM,2012,Power,Power BQC 16C 1.6GHz,Unknown,Unknown,458752,5008860,5872030,2301,85.30031352,Linux,| TOP500,Industry,2013,June
8,JUQUEEN,Forschungszentrum Juelich (FZJ),Forschungszentrum Juelich (FZJ),Germany,IBM,2012,Power,Power BQC 16C 1.6GHz,Unknown,Unknown,458752,5008860,5872030,2301,85.30031352,Linux,| TOP500,Industry,2013,June
9,Vulcan,DOE/NNSA/LLNL,DOE/NNSA/LLNL,United States,IBM,2012,Power,Power BQC 16C 1.6GHz,Unknown,Unknown,393216,4293310,5033160,1972,85.30048717,Linux,| TOP500,Industry,2013,June
10,SuperMUC,Leibniz Rechenzentrum,Leibniz Rechenzentrum,Germany,IBM/Lenovo,2012,Intel Xeon,Xeon E5-2680 8C 2.7GHz,Unknown,Unknown,147456,2897000,3185050,3423,90.95618593,Linux,Infiniband FDR,Industry,2013,June
1,Tianhe-2A,National Super Computer Center in Guangzhou,National Super Computer Center in Guangzhou,China,NUDT,2018,Intel Xeon,Intel Xeon E5-2692v2 12C 2.2GHz,Intel,Intel X,4981760,33862700,54902400,17808,61.67799586,Kylin Linux,TH Express-2,Government,2013,November
2,Titan,DOE/SC/Oak Ridge National Laboratory,Oak Ridge National Laboratory (ORNL),United States,Cray/HPE,2012,Opteron,Opteron 6274 16C 2.2GHz,NVIDIA,NVIDIA K20,560640,17590000,27112550,8209,64.87770424,Cray Linux Environment,", NVIDIA K20x | TOP500",Government,2013,November
3,Sequoia,DOE/NNSA/LLNL,DOE/NNSA/LLNL,United States,IBM,2011,Power,Power BQC 16C 1.6GHz,Unknown,Unknown,1572864,17173220,20132660,7890,85.30030309,Linux,Custom Interconnect,Industry,2013,November
4,"K computer, SPARC64 VIIIfx 2.0GHz, Tofu interconnect,FujitsuRIKEN Advanced Institute for Computational Science (AICS)Japan",RIKEN Advanced Institute for Computational Science (AICS),RIKEN Center for Computational Science,Japan,Fujitsu,2011,SPARC64,SPARC64 VIIIfx 8C 2GHz,Unknown,Unknown,705024,10510000,11280380,12660,93.17062014,Linux,| TOP500,Industry,2013,November
5,Mira,DOE/SC/Argonne National Laboratory,Argonne National Laboratory (ANL),United States,IBM,2012,Power,Power BQC 16C 1.6GHz,Unknown,Unknown,786432,8586610,10066330,3945,85.30030309,Linux,Custom Interconnect,Government,2013,November
6,Piz Daint,Swiss National Supercomputing Centre (CSCS),CSC - IT Center for Science,Switzerland,Cray/HPE,2017,Intel Xeon,Xeon E5-2690v3 12C 2.6GHz,NVIDIA,NVIDIA T,387872,6271000,7788850,1754,80.51252752,Cray Linux Environment,", NVIDIA Tesla P100 | TOP500",Industry,2013,November
7,Stampede,Texas Advanced Computing Center/Univ. of Texas,Texas Advanced Computing Center/Univ. of Texas,United States,DELL,2012,Intel Xeon,Xeon E5-2680 8C 2.7GHz,Intel,Intel X,522080,5168110,8520110,4510,60.65778493,Linux,Infiniband FDR,Academic,2013,November
8,JUQUEEN,Forschungszentrum Juelich (FZJ),Forschungszentrum Juelich (FZJ),Germany,IBM,2012,Power,Power BQC 16C 1.6GHz,Unknown,Unknown,458752,5008860,5872030,2301,85.30031352,Linux,| TOP500,Industry,2013,November
9,JUQUEEN,Forschungszentrum Juelich (FZJ),Forschungszentrum Juelich (FZJ),Germany,IBM,2012,Power,Power BQC 16C 1.6GHz,Unknown,Unknown,458752,5008860,5872030,2301,85.30031352,Linux,| TOP500,Industry,2013,November
10,Vulcan,DOE/NNSA/LLNL,DOE/NNSA/LLNL,United States,IBM,2012,Power,Power BQC 16C 1.6GHz,Unknown,Unknown,393216,4293310,5033160,1972,85.30048717,Linux,| TOP500,Industry,2013,November
